Open Time,Open Time,Open Price,High Price,Low Price,Close Price,Volume,Close Time,Quote Asset Volume,Number Of Trades,Taker Buy Base,Taker Buy Quote,Unused
2023-07-03 19:00:00,2023-07-03 19:00:00,248.1,248.5,247.3,248.0,22773.898,1688414399999,5649092.232,8781,12073.309,2994724.1933,0
2023-07-03 20:00:00,2023-07-03 20:00:00,248.0,248.3,246.4,247.3,40283.567,1688417999999,9955960.1277,8802,18181.813,4491841.6871,0
2023-07-03 21:00:00,2023-07-03 21:00:00,247.3,247.6,245.3,247.2,28443.914,1688421599999,7015788.5824,10475,12891.869,3180336.4718,0
2023-07-03 22:00:00,2023-07-03 22:00:00,247.3,247.4,246.2,246.4,11107.427,1688425199999,2741342.6829,5541,4982.428,1229599.9899,0
2023-07-03 23:00:00,2023-07-03 23:00:00,246.4,246.6,245.5,246.5,19828.55,1688428799999,4879041.4511,6601,9869.08,2428210.8299,0
2023-07-04 00:00:00,2023-07-04 00:00:00,246.5,246.9,245.7,245.8,19730.006,1688432399999,4859027.9045,7045,10706.448,2636772.203,0
2023-07-04 01:00:00,2023-07-04 01:00:00,245.7,246.5,245.2,245.9,18748.75,1688435999999,4611652.0336,7796,10058.619,2474230.7937,0
2023-07-04 02:00:00,2023-07-04 02:00:00,245.8,246.6,245.7,246.3,14149.401,1688439599999,3483169.282,5358,6643.761,1635428.2641,0
2023-07-04 03:00:00,2023-07-04 03:00:00,246.3,246.5,244.5,245.8,35527.99,1688443199999,8723090.3227,11399,15710.186,3857021.1322,0
2023-07-04 04:00:00,2023-07-04 04:00:00,245.8,246.2,244.9,246.1,23702.786,1688446799999,5819390.8978,8670,12820.367,3147508.3245,0
2023-07-04 05:00:00,2023-07-04 05:00:00,246.2,246.2,245.3,245.8,23540.018,1688450399999,5788189.9085,7371,10966.315,2696484.064,0
2023-07-04 06:00:00,2023-07-04 06:00:00,245.8,246.2,245.0,245.5,22328.611,1688453999999,5483422.7812,9227,10425.695,2560624.4485,0
2023-07-04 07:00:00,2023-07-04 07:00:00,245.5,246.0,244.8,244.9,16157.845,1688457599999,3965272.4946,6380,6411.732,1574006.4783,0
2023-07-04 08:00:00,2023-07-04 08:00:00,244.9,245.5,244.5,244.8,22757.033,1688461199999,5575127.3821,7716,12349.944,3026024.9814,0
2023-07-04 09:00:00,2023-07-04 09:00:00,244.8,245.5,244.1,245.2,16844.983,1688464799999,4124290.9963,7648,7826.496,1916594.0115,0
2023-07-04 10:00:00,2023-07-04 10:00:00,245.2,245.6,244.6,245.4,16755.282,1688468399999,4106151.9298,7298,8006.71,1962323.9434,0
2023-07-04 11:00:00,2023-07-04 11:00:00,245.5,245.9,245.1,245.7,14874.057,1688471999999,3651506.6027,6741,7710.591,1892867.134,0
2023-07-04 12:00:00,2023-07-04 12:00:00,245.8,245.9,244.5,245.0,14903.742,1688475599999,3654629.8259,7119,6860.361,1682583.0699,0
2023-07-04 13:00:00,2023-07-04 13:00:00,244.9,245.2,244.1,244.5,19523.345,1688479199999,4776789.8558,8330,10170.099,2488344.108,0
2023-07-04 14:00:00,2023-07-04 14:00:00,244.6,245.2,244.2,244.4,24764.515,1688482799999,6058038.9261,8131,11606.726,2839669.0516,0
2023-07-04 15:00:00,2023-07-04 15:00:00,244.4,244.9,243.0,243.8,23337.745,1688486399999,5691339.7947,10507,11936.23,2911371.9733,0
2023-07-04 16:00:00,2023-07-04 16:00:00,243.9,244.7,243.1,243.7,24676.404,1688489999999,6018022.5531,10745,11850.741,2890184.6827,0
2023-07-04 17:00:00,2023-07-04 17:00:00,243.7,243.9,242.1,242.2,28779.012,1688493599999,6994335.8654,10326,13541.93,3291438.1303,0
2023-07-04 18:00:00,2023-07-04 18:00:00,242.2,242.6,241.4,242.2,21454.49,1688497199999,5191542.5998,8458,9904.597,2397000.7761,0
2023-07-04 19:00:00,2023-07-04 19:00:00,242.2,242.4,240.4,241.3,43817.308,1688500799999,10573263.4475,13817,18237.047,4400341.3647,0
2023-07-04 20:00:00,2023-07-04 20:00:00,241.3,242.3,241.0,242.0,13134.627,1688504399999,3173142.8058,6218,5934.23,1433493.1805,0
2023-07-04 21:00:00,2023-07-04 21:00:00,242.1,242.6,241.6,242.3,8636.424,1688507999999,2090194.3695,4573,3795.536,918652.1438,0
2023-07-04 22:00:00,2023-07-04 22:00:00,242.3,243.0,242.0,242.8,9166.325,1688511599999,2223984.7114,4274,3947.28,957749.0236,0
2023-07-04 23:00:00,2023-07-04 23:00:00,242.7,243.2,242.3,242.5,11598.356,1688515199999,2814056.0913,4865,5876.68,1425887.2063,0
2023-07-05 00:00:00,2023-07-05 00:00:00,242.5,243.4,242.0,242.0,22500.181,1688518799999,5460970.7183,6838,8961.977,2174784.9315,0
2023-07-05 01:00:00,2023-07-05 01:00:00,242.0,243.3,241.8,242.3,14608.267,1688522399999,3541309.6371,6036,7007.62,1698640.1605,0
2023-07-05 02:00:00,2023-07-05 02:00:00,242.3,243.4,242.0,243.3,11609.455,1688525999999,2819567.4505,4701,6670.911,1620453.6772,0
2023-07-05 03:00:00,2023-07-05 03:00:00,243.2,243.8,242.6,243.7,10450.047,1688529599999,2541872.0732,4758,5067.962,1232704.5476,0
2023-07-05 04:00:00,2023-07-05 04:00:00,243.8,243.8,243.0,243.5,9642.36,1688533199999,2347551.6467,4983,4347.14,1058336.1157,0
2023-07-05 05:00:00,2023-07-05 05:00:00,243.6,243.9,243.2,243.7,18378.882,1688536799999,4476387.8898,6412,9760.071,2377228.3798,0
2023-07-05 06:00:00,2023-07-05 06:00:00,243.7,243.9,243.0,243.4,12605.573,1688540399999,3067162.3312,5189,5769.139,1403682.3792,0
2023-07-05 07:00:00,2023-07-05 07:00:00,243.3,243.9,243.0,243.2,10510.107,1688543999999,2559070.2082,5629,4911.638,1196136.5049,0
2023-07-05 08:00:00,2023-07-05 08:00:00,243.2,243.2,241.3,242.3,25195.482,1688547599999,6105338.9359,10539,11832.935,2867133.6469,0
2023-07-05 09:00:00,2023-07-05 09:00:00,242.4,242.5,241.1,241.4,19146.425,1688551199999,4630365.0929,8292,9043.274,2186766.5936,0
2023-07-05 10:00:00,2023-07-05 10:00:00,241.5,241.9,235.8,237.8,108313.898,1688554799999,25848801.1598,39817,49913.543,11909242.0272,0
2023-07-05 11:00:00,2023-07-05 11:00:00,237.8,239.1,237.3,238.0,35909.488,1688558399999,8556770.638,12550,18371.78,4376442.9611,0
2023-07-05 12:00:00,2023-07-05 12:00:00,238.0,238.9,237.3,238.0,28146.341,1688561999999,6702009.4676,11001,14122.978,3362768.1364,0
2023-07-05 13:00:00,2023-07-05 13:00:00,238.1,238.8,237.7,238.2,29515.679,1688565599999,7030338.3095,11729,14951.856,3561648.4585,0
2023-07-05 14:00:00,2023-07-05 14:00:00,238.2,238.9,238.1,238.6,16471.987,1688569199999,3929007.1848,8333,8625.455,2057191.6644,0
2023-07-05 15:00:00,2023-07-05 15:00:00,238.6,238.9,236.8,237.8,44407.502,1688572799999,10552568.1935,14687,19042.674,4525232.5777,0
2023-07-05 16:00:00,2023-07-05 16:00:00,237.8,239.6,237.5,239.3,19732.425,1688576399999,4710789.113,9730,10718.008,2558728.2372,0
2023-07-05 17:00:00,2023-07-05 17:00:00,239.4,240.2,239.0,239.7,10492.007,1688579999999,2515160.5,6301,5693.664,1364865.9067,0
2023-07-05 18:00:00,2023-07-05 18:00:00,239.7,240.4,238.9,239.4,11174.42,1688583599999,2677150.918,6618,5561.985,1332376.5783,0
2023-07-05 19:00:00,2023-07-05 19:00:00,239.4,239.7,238.5,238.6,13399.297,1688587199999,3205846.9267,5798,6914.412,1654303.8546,0
2023-07-05 20:00:00,2023-07-05 20:00:00,238.6,239.4,238.1,239.2,10996.242,1688590799999,2626259.7117,4982,5155.344,1231409.1655,0
2023-07-05 21:00:00,2023-07-05 21:00:00,239.3,239.3,238.6,238.8,15052.863,1688594399999,3596464.5227,5572,7046.344,1683659.8265,0
2023-07-05 22:00:00,2023-07-05 22:00:00,238.8,239.6,238.6,239.0,7082.485,1688597999999,1693678.833,3758,3816.353,912647.2132,0
2023-07-05 23:00:00,2023-07-05 23:00:00,239.0,239.5,238.0,238.9,14674.281,1688601599999,3505276.1925,5739,7093.679,1694274.1142,0
2023-07-06 00:00:00,2023-07-06 00:00:00,239.0,239.4,238.3,238.4,11023.35,1688605199999,2631430.4694,5647,5530.756,1320266.4059,0
2023-07-06 01:00:00,2023-07-06 01:00:00,238.5,239.1,237.7,239.0,13056.145,1688608799999,3109997.3231,6222,6400.49,1524754.8476,0
2023-07-06 02:00:00,2023-07-06 02:00:00,239.1,239.8,238.8,238.9,10394.3,1688612399999,2486737.7141,5341,5684.634,1360016.0026,0
2023-07-06 03:00:00,2023-07-06 03:00:00,239.0,240.2,238.9,240.1,11436.775,1688615999999,2740867.7584,5419,6999.176,1677223.7909,0
2023-07-06 04:00:00,2023-07-06 04:00:00,240.1,240.7,239.5,239.6,22973.912,1688619599999,5520153.6426,6999,9708.128,2332404.3335,0
2023-07-06 05:00:00,2023-07-06 05:00:00,239.5,241.3,239.4,241.3,14068.434,1688623199999,3383526.5386,8810,6863.64,1650686.4785,0
2023-07-06 06:00:00,2023-07-06 06:00:00,241.3,241.9,240.6,241.5,22438.706,1688626799999,5412343.1689,9360,10550.93,2545415.6622,0
2023-07-06 07:00:00,2023-07-06 07:00:00,241.4,242.0,241.3,241.5,37660.343,1688630399999,9100663.7888,10637,17994.336,4348625.1166,0
2023-07-06 08:00:00,2023-07-06 08:00:00,241.5,244.0,240.9,243.9,31966.39,1688633999999,7752479.9765,13849,15780.696,3827537.9542,0
2023-07-06 09:00:00,2023-07-06 09:00:00,243.9,244.5,241.7,242.0,50873.902,1688637599999,12374522.2041,20148,26670.357,6488220.9815,0
2023-07-06 10:00:00,2023-07-06 10:00:00,242.0,242.6,241.1,242.4,21128.882,1688641199999,5106462.6973,11029,9854.387,2382290.2471,0
2023-07-06 11:00:00,2023-07-06 11:00:00,242.3,242.4,239.8,240.5,32402.292,1688644799999,7813709.2086,14031,14579.723,3513622.1073,0
2023-07-06 12:00:00,2023-07-06 12:00:00,240.6,240.8,238.1,239.0,45132.19,1688648399999,10797500.5471,18356,23060.839,5517115.842,0
2023-07-06 13:00:00,2023-07-06 13:00:00,239.0,239.6,237.7,238.2,31443.646,1688651999999,7505667.5247,12880,17620.6,4206188.878,0
2023-07-06 14:00:00,2023-07-06 14:00:00,238.3,238.7,234.6,236.9,70889.557,1688655599999,16751811.6901,36035,31599.75,7467299.1905,0
2023-07-06 15:00:00,2023-07-06 15:00:00,237.0,238.7,236.5,238.5,30291.476,1688659199999,7195057.4135,14659,13464.809,3198128.8895,0
2023-07-06 16:00:00,2023-07-06 16:00:00,238.5,238.8,236.9,237.0,35936.553,1688662799999,8548439.439,14562,16312.19,3880407.0715,0
2023-07-06 17:00:00,2023-07-06 17:00:00,237.1,238.6,237.0,238.6,15871.138,1688666399999,3773716.2112,8530,8969.756,2133018.8949,0
2023-07-06 18:00:00,2023-07-06 18:00:00,238.6,239.7,237.8,238.8,19754.808,1688669999999,4715358.7464,10302,9543.855,2277772.7863,0
2023-07-06 19:00:00,2023-07-06 19:00:00,238.9,238.9,237.2,237.8,16857.775,1688673599999,4013574.243,8693,9653.253,2298065.5353,0
2023-07-06 20:00:00,2023-07-06 20:00:00,237.8,238.2,237.4,238.0,6785.518,1688677199999,1613938.1712,5195,3829.123,910867.8898,0
2023-07-06 21:00:00,2023-07-06 21:00:00,238.0,238.1,233.8,234.4,59430.229,1688680799999,13984715.0874,25673,27925.688,6571699.6167,0
2023-07-06 22:00:00,2023-07-06 22:00:00,234.5,235.2,233.1,233.7,16119.366,1688684399999,3772723.2116,8795,7832.184,1832878.503,0
2023-07-06 23:00:00,2023-07-06 23:00:00,233.8,234.2,231.5,232.2,45339.754,1688687999999,10554956.5054,20331,15315.585,3565412.1118,0
2023-07-07 00:00:00,2023-07-07 00:00:00,232.3,233.5,231.1,233.0,42360.864,1688691599999,9836672.6815,17357,19432.484,4513487.2338,0
2023-07-07 01:00:00,2023-07-07 01:00:00,233.0,234.2,232.7,234.2,22695.333,1688695199999,5298149.6207,9641,10844.905,2532172.1269,0
2023-07-07 02:00:00,2023-07-07 02:00:00,234.2,234.5,233.4,234.2,14243.116,1688698799999,3331233.3137,7336,7733.883,1808844.8971,0
2023-07-07 03:00:00,2023-07-07 03:00:00,234.2,234.5,233.6,234.2,11333.64,1688702399999,2652820.9525,6647,5857.017,1370961.3222,0
2023-07-07 04:00:00,2023-07-07 04:00:00,234.3,234.5,233.0,233.1,11272.287,1688705999999,2634189.479,7045,5631.338,1316305.8695,0
2023-07-07 05:00:00,2023-07-07 05:00:00,233.1,235.3,232.5,234.5,29519.281,1688709599999,6907803.8524,11286,16063.541,3758514.7836,0
2023-07-07 06:00:00,2023-07-07 06:00:00,234.6,234.6,233.4,233.7,26056.609,1688713199999,6093501.0535,9108,12668.673,2962736.7361,0
2023-07-07 07:00:00,2023-07-07 07:00:00,233.7,234.4,232.7,233.1,28761.715,1688716799999,6715004.5617,9730,14454.688,3374928.3354,0
2023-07-07 08:00:00,2023-07-07 08:00:00,233.1,233.7,232.5,232.6,20063.125,1688720399999,4676698.8179,9215,10120.226,2359424.0405,0
2023-07-07 09:00:00,2023-07-07 09:00:00,232.6,234.0,232.5,233.9,11067.323,1688723999999,2582768.6924,7135,6253.257,1459294.0599,0
2023-07-07 10:00:00,2023-07-07 10:00:00,234.0,234.2,233.1,233.6,15440.193,1688727599999,3607206.1466,7014,7748.99,1810185.6554,0
2023-07-07 11:00:00,2023-07-07 11:00:00,233.5,234.3,233.3,233.3,11080.406,1688731199999,2590485.986,6146,5848.031,1367294.721,0
2023-07-07 12:00:00,2023-07-07 12:00:00,233.3,235.2,232.6,234.5,39387.747,1688734799999,9217300.5207,15657,18259.16,4272830.8112,0
2023-07-07 13:00:00,2023-07-07 13:00:00,234.5,235.7,234.1,235.5,16414.634,1688738399999,3858488.8778,9954,8610.119,2023629.9553,0
2023-07-07 14:00:00,2023-07-07 14:00:00,235.6,236.2,234.9,235.9,23349.137,1688741999999,5502269.9709,9542,12530.258,2952746.2306,0
2023-07-07 15:00:00,2023-07-07 15:00:00,236.0,236.2,235.2,235.7,21448.664,1688745599999,5052312.862,7245,9003.474,2120672.2821,0
2023-07-07 16:00:00,2023-07-07 16:00:00,235.7,236.1,235.1,235.4,10474.51,1688749199999,2467085.2218,6382,5399.16,1271704.1724,0
2023-07-07 17:00:00,2023-07-07 17:00:00,235.4,235.5,234.2,234.9,32628.567,1688752799999,7663729.3821,9522,8400.163,1974318.8729,0
2023-07-07 18:00:00,2023-07-07 18:00:00,235.0,235.4,233.8,234.1,13973.802,1688756399999,3280895.7643,6178,5342.657,1254208.5709,0
2023-07-07 19:00:00,2023-07-07 19:00:00,234.2,235.3,234.1,235.3,8218.531,1688759999999,1929991.7864,4515,4117.594,966998.2861,0
2023-07-07 20:00:00,2023-07-07 20:00:00,235.2,235.3,234.6,234.9,5257.876,1688763599999,1235242.8958,3567,2768.825,650551.0696,0
2023-07-07 21:00:00,2023-07-07 21:00:00,235.0,235.6,235.0,235.1,6571.307,1688767199999,1546593.6676,3746,3193.665,751683.0025,0
2023-07-07 22:00:00,2023-07-07 22:00:00,235.2,235.7,235.0,235.5,5694.598,1688770799999,1340701.0393,3613,3026.853,712550.0907,0
2023-07-07 23:00:00,2023-07-07 23:00:00,235.5,236.0,235.1,235.6,4221.321,1688774399999,994303.9112,2918,1623.217,382228.8404,0
2023-07-08 00:00:00,2023-07-08 00:00:00,235.7,236.1,235.3,236.1,7693.541,1688777999999,1813765.3713,3896,4049.716,954717.1545,0
2023-07-08 01:00:00,2023-07-08 01:00:00,236.1,237.5,236.0,236.7,14311.519,1688781599999,3385260.3057,6757,7210.05,1705476.6128,0
2023-07-08 02:00:00,2023-07-08 02:00:00,236.8,236.9,236.0,236.2,12618.347,1688785199999,2984211.1098,4308,5095.415,1204780.013,0
2023-07-08 03:00:00,2023-07-08 03:00:00,236.2,236.3,235.0,235.3,9585.35,1688788799999,2258234.9779,5064,4765.746,1122695.6119,0
2023-07-08 04:00:00,2023-07-08 04:00:00,235.3,235.7,234.8,235.6,9086.061,1688792399999,2137094.3268,4227,3628.804,853877.5901,0
2023-07-08 05:00:00,2023-07-08 05:00:00,235.6,235.8,235.0,235.7,6858.296,1688795999999,1614580.6721,4692,3696.562,870229.7655,0
2023-07-08 06:00:00,2023-07-08 06:00:00,235.7,235.9,235.1,235.8,7624.542,1688799599999,1795632.0459,4837,4346.111,1023581.5335,0
2023-07-08 07:00:00,2023-07-08 07:00:00,235.8,236.3,235.6,235.9,13180.537,1688803199999,3110409.5319,6968,7763.003,1832052.6271,0
2023-07-08 08:00:00,2023-07-08 08:00:00,235.9,237.6,235.8,236.7,30498.258,1688806799999,7226342.3965,14989,15999.518,3790718.0501,0
2023-07-08 09:00:00,2023-07-08 09:00:00,236.7,237.5,236.5,237.3,10407.204,1688810399999,2468188.235,10263,5834.217,1383741.9983,0
2023-07-08 10:00:00,2023-07-08 10:00:00,237.3,237.3,236.6,236.7,9387.784,1688813999999,2225047.2784,9441,4522.902,1072066.7205,0
2023-07-08 11:00:00,2023-07-08 11:00:00,236.6,236.8,235.8,236.3,9466.02,1688817599999,2236543.2963,10481,4703.831,1111553.9103,0
2023-07-08 12:00:00,2023-07-08 12:00:00,236.3,237.1,235.9,236.5,19885.731,1688821199999,4703269.7767,10704,11031.148,2609092.3369,0
2023-07-08 13:00:00,2023-07-08 13:00:00,236.5,236.8,236.1,236.4,7348.268,1688824799999,1737518.2582,8391,3164.994,748463.9268,0
2023-07-08 14:00:00,2023-07-08 14:00:00,236.5,236.6,236.0,236.0,7278.115,1688828399999,1719253.0933,10320,3646.253,861410.1711,0
2023-07-08 15:00:00,2023-07-08 15:00:00,236.1,236.9,235.8,236.7,11594.825,1688831999999,2740405.9586,9755,5814.045,1374233.2927,0
2023-07-08 16:00:00,2023-07-08 16:00:00,236.6,237.0,236.4,236.7,11367.531,1688835599999,2691718.6733,10500,6253.087,1480736.4062,0
2023-07-08 17:00:00,2023-07-08 17:00:00,236.8,236.8,236.0,236.2,7978.609,1688839199999,1885308.2572,8580,3729.77,881415.8682,0
2023-07-08 18:00:00,2023-07-08 18:00:00,236.2,236.2,235.6,235.7,5730.35,1688842799999,1351732.2988,7978,2699.604,636856.185,0
2023-07-08 19:00:00,2023-07-08 19:00:00,235.7,235.9,234.2,235.0,16136.667,1688846399999,3790494.1893,7630,7056.66,1657528.9144,0
2023-07-08 20:00:00,2023-07-08 20:00:00,235.0,235.2,234.5,235.1,10082.632,1688849999999,2367673.4824,4621,5738.59,1347504.7489,0
2023-07-08 21:00:00,2023-07-08 21:00:00,235.1,235.6,234.7,235.6,9547.118,1688853599999,2243900.2714,3195,5185.708,1219006.2261,0
2023-07-08 22:00:00,2023-07-08 22:00:00,235.6,236.1,235.5,236.1,6669.427,1688857199999,1572567.1242,3247,4090.404,964662.2566,0
2023-07-08 23:00:00,2023-07-08 23:00:00,236.1,236.4,235.8,236.3,5390.989,1688860799999,1272628.2257,3603,3116.386,735690.5631,0
2023-07-09 00:00:00,2023-07-09 00:00:00,236.3,236.6,235.7,236.6,8454.655,1688864399999,1997516.7522,4561,4320.827,1020902.4741,0
2023-07-09 01:00:00,2023-07-09 01:00:00,236.6,237.0,235.9,236.1,10991.423,1688867999999,2599565.3629,6782,5199.447,1229658.7457,0
2023-07-09 02:00:00,2023-07-09 02:00:00,236.2,236.6,235.6,236.0,7541.227,1688871599999,1780858.9283,7346,3480.336,821888.015,0
2023-07-09 03:00:00,2023-07-09 03:00:00,236.0,236.4,235.7,236.2,6549.777,1688875199999,1546135.4888,6787,3637.639,858721.7783,0
2023-07-09 04:00:00,2023-07-09 04:00:00,236.2,236.3,235.4,235.7,18046.122,1688878799999,4253796.9789,6488,12143.787,2861763.316,0
2023-07-09 05:00:00,2023-07-09 05:00:00,235.6,235.9,235.2,235.4,5613.177,1688882399999,1322487.5271,4006,3217.337,758096.7628,0
2023-07-09 06:00:00,2023-07-09 06:00:00,235.4,235.4,234.7,235.0,7709.603,1688885999999,1811757.3229,4279,3628.122,852626.8611,0
2023-07-09 07:00:00,2023-07-09 07:00:00,235.0,235.3,234.3,234.6,10938.571,1688889599999,2567347.5321,5309,4908.287,1152217.191,0
2023-07-09 08:00:00,2023-07-09 08:00:00,234.6,235.1,234.4,235.0,9553.302,1688893199999,2242129.7973,4581,6130.687,1438832.8945,0
2023-07-09 09:00:00,2023-07-09 09:00:00,235.0,235.1,234.4,235.0,10452.137,1688896799999,2453338.4993,4744,4035.192,947528.4414,0
2023-07-09 10:00:00,2023-07-09 10:00:00,235.1,235.1,234.6,234.9,6464.455,1688900399999,1518427.8805,6080,3103.997,729146.0237,0
2023-07-09 11:00:00,2023-07-09 11:00:00,234.9,235.0,234.5,234.9,5454.737,1688903999999,1280623.2832,5186,3026.342,710533.7198,0
2023-07-09 12:00:00,2023-07-09 12:00:00,234.9,235.5,234.5,235.3,7959.719,1688907599999,1870424.0858,9060,4581.336,1076811.5351,0
2023-07-09 13:00:00,2023-07-09 13:00:00,235.4,235.5,234.5,234.5,6800.684,1688911199999,1598349.6401,6335,3036.614,713838.8285,0
2023-07-09 14:00:00,2023-07-09 14:00:00,234.6,235.2,232.9,234.7,40459.448,1688914799999,9474361.3281,13610,21593.803,5056382.2307,0
2023-07-09 15:00:00,2023-07-09 15:00:00,234.7,234.8,234.0,234.3,10247.8,1688918399999,2402349.0126,6010,5048.043,1183487.2191,0
2023-07-09 16:00:00,2023-07-09 16:00:00,234.3,235.1,234.0,234.6,19246.536,1688921999999,4511499.7573,5331,13301.838,3117760.182,0
2023-07-09 17:00:00,2023-07-09 17:00:00,234.6,234.9,234.1,234.8,7235.541,1688925599999,1697565.2979,4469,4181.326,981062.6221,0
2023-07-09 18:00:00,2023-07-09 18:00:00,234.7,234.9,234.5,234.5,5693.882,1688929199999,1336252.6065,3038,3469.212,814201.2424,0
2023-07-09 19:00:00,2023-07-09 19:00:00,234.6,234.9,234.2,234.8,4228.315,1688932799999,991679.3735,2916,2307.823,541289.8936,0
2023-07-09 20:00:00,2023-07-09 20:00:00,234.8,234.9,233.9,234.6,4494.825,1688936399999,1053763.4582,3944,2030.154,475886.772,0
2023-07-09 21:00:00,2023-07-09 21:00:00,234.6,234.8,234.0,234.2,3713.634,1688939999999,870637.5221,3027,2144.914,502845.4475,0
2023-07-09 22:00:00,2023-07-09 22:00:00,234.2,234.7,233.5,234.3,9375.659,1688943599999,2194339.0898,4153,4576.673,1071187.9867,0
2023-07-09 23:00:00,2023-07-09 23:00:00,234.4,234.7,233.7,234.1,7898.1,1688947199999,1848861.8498,3306,4034.3,944466.1608,0
2023-07-10 00:00:00,2023-07-10 00:00:00,234.1,234.2,231.4,233.3,38555.605,1688950799999,8969462.9973,17136,17585.288,4090757.6024,0
2023-07-10 01:00:00,2023-07-10 01:00:00,233.3,233.5,232.5,232.7,14231.208,1688954399999,3317332.6289,6236,8400.979,1958397.4407,0
2023-07-10 02:00:00,2023-07-10 02:00:00,232.8,234.6,232.6,234.3,21916.314,1688957999999,5119307.8958,7677,10622.825,2481060.3391,0
2023-07-10 03:00:00,2023-07-10 03:00:00,234.4,234.7,233.5,233.6,8078.311,1688961599999,1891042.7732,3717,3780.829,885197.5519,0
2023-07-10 04:00:00,2023-07-10 04:00:00,233.6,234.1,233.1,234.0,6676.415,1688965199999,1559740.2472,3420,3805.669,889272.5572,0
2023-07-10 05:00:00,2023-07-10 05:00:00,234.0,234.1,233.1,233.2,8120.014,1688968799999,1896518.5514,4090,3906.154,912312.5331,0
2023-07-10 06:00:00,2023-07-10 06:00:00,233.2,233.6,232.8,233.0,14826.551,1688972399999,3458975.9835,5323,6733.586,1570976.956,0
2023-07-10 07:00:00,2023-07-10 07:00:00,233.0,233.5,232.2,232.5,16239.008,1688975999999,3782078.8419,6136,6531.245,1521562.0985,0
2023-07-10 08:00:00,2023-07-10 08:00:00,232.5,232.9,231.3,232.6,23770.003,1688979599999,5521843.5445,8855,12192.37,2832220.0514,0
2023-07-10 09:00:00,2023-07-10 09:00:00,232.7,243.3,232.3,240.8,287905.054,1688983199999,69297674.4422,75551,131659.94,31663954.1023,0
2023-07-10 10:00:00,2023-07-10 10:00:00,240.7,243.9,240.7,243.2,110117.504,1688986799999,26689827.652,25323,60109.403,14570832.8616,0
2023-07-10 11:00:00,2023-07-10 11:00:00,243.2,244.3,241.2,242.0,103460.035,1688990399999,25106301.1622,21486,58883.446,14286106.0507,0
2023-07-10 12:00:00,2023-07-10 12:00:00,242.1,242.7,241.2,242.0,45287.49,1688993999999,10953167.669,13896,23026.913,5569701.7349,0
2023-07-10 13:00:00,2023-07-10 13:00:00,241.9,243.3,241.7,242.8,38056.777,1688997599999,9228034.1416,15800,17431.734,4226986.0828,0
2023-07-10 14:00:00,2023-07-10 14:00:00,242.9,245.5,242.7,244.7,67204.719,1689001199999,16387282.5845,20050,36222.095,8833923.9491,0
2023-07-10 15:00:00,2023-07-10 15:00:00,244.8,247.0,244.0,245.6,99711.348,1689004799999,24423882.3054,24196,49559.881,12144323.7769,0
2023-07-10 16:00:00,2023-07-10 16:00:00,245.6,247.0,243.9,245.2,54957.777,1689008399999,13463407.2522,18069,25578.435,6268762.4345,0
2023-07-10 17:00:00,2023-07-10 17:00:00,245.2,245.6,244.4,245.3,25188.291,1689011999999,6174769.4279,10319,11659.694,2858789.1969,0
2023-07-10 18:00:00,2023-07-10 18:00:00,245.4,246.1,244.6,245.2,30326.957,1689015599999,7441623.5746,10299,16059.934,3941827.6545,0
2023-07-10 19:00:00,2023-07-10 19:00:00,245.3,246.1,243.8,246.0,46297.675,1689019199999,11343646.5912,13131,22094.421,5414966.364,0
2023-07-10 20:00:00,2023-07-10 20:00:00,246.0,246.4,244.6,245.2,29767.307,1689022799999,7308012.4118,12642,13218.625,3245744.1432,0
2023-07-10 21:00:00,2023-07-10 21:00:00,245.3,246.5,244.5,244.7,38945.396,1689026399999,9557832.1856,11677,15758.687,3868610.9699,0
2023-07-10 22:00:00,2023-07-10 22:00:00,244.7,245.4,243.0,243.8,38340.948,1689029999999,9351419.7882,14865,16738.917,4083240.9391,0
2023-07-10 23:00:00,2023-07-10 23:00:00,243.9,246.3,243.9,246.2,25845.817,1689033599999,6334576.7498,9360,13616.449,3338140.4939,0
2023-07-11 00:00:00,2023-07-11 00:00:00,246.2,246.3,244.6,245.3,26406.105,1689037199999,6478998.3319,11282,12710.743,3118710.719,0
2023-07-11 01:00:00,2023-07-11 01:00:00,245.3,246.4,245.1,245.4,41470.107,1689040799999,10194061.6448,20142,22838.187,5614421.3968,0
2023-07-11 02:00:00,2023-07-11 02:00:00,245.5,247.2,245.4,246.5,36602.97,1689044399999,9015455.4814,14128,20269.212,4993059.391,0
2023-07-11 03:00:00,2023-07-11 03:00:00,246.5,248.0,246.4,246.7,56539.456,1689047999999,13978400.9724,18582,28956.488,7159380.0611,0
2023-07-11 04:00:00,2023-07-11 04:00:00,246.7,247.2,245.8,246.7,29347.419,1689051599999,7232515.7711,11540,14317.278,3528898.2686,0
2023-07-11 05:00:00,2023-07-11 05:00:00,246.7,247.4,246.6,247.1,20253.075,1689055199999,5003837.4968,6811,11528.366,2848306.6223,0
2023-07-11 06:00:00,2023-07-11 06:00:00,247.1,247.9,246.9,247.5,23948.725,1689058799999,5926311.7536,8014,14975.741,3706181.6716,0
2023-07-11 07:00:00,2023-07-11 07:00:00,247.5,247.5,246.8,247.1,16607.553,1689062399999,4105085.8179,7411,7461.198,1844502.316,0
2023-07-11 08:00:00,2023-07-11 08:00:00,247.2,248.8,247.1,247.4,52487.872,1689065999999,13014100.8247,15436,31359.863,7775310.9106,0
2023-07-11 09:00:00,2023-07-11 09:00:00,247.4,247.5,246.0,246.8,33271.711,1689069599999,8208954.1247,10442,13835.186,3414165.5122,0
2023-07-11 10:00:00,2023-07-11 10:00:00,246.8,247.3,245.1,246.1,31860.421,1689073199999,7847855.4386,11447,11638.353,2867949.3038,0
2023-07-11 11:00:00,2023-07-11 11:00:00,246.1,246.7,245.7,245.7,16575.56,1689076799999,4081331.6482,10409,7035.047,1732396.0814,0
2023-07-11 12:00:00,2023-07-11 12:00:00,245.8,246.5,245.3,246.4,20357.804,1689080399999,5004521.8188,10118,10230.857,2514992.4726,0
2023-07-11 13:00:00,2023-07-11 13:00:00,246.5,247.6,246.3,247.1,26319.96,1689083999999,6499748.9291,11647,11340.973,2800835.4028,0
2023-07-11 14:00:00,2023-07-11 14:00:00,247.2,247.5,246.6,247.3,27068.602,1689087599999,6689313.296,9018,12747.961,3150444.3106,0
2023-07-11 15:00:00,2023-07-11 15:00:00,247.3,248.0,246.2,247.5,33930.892,1689091199999,8385176.3821,12579,17772.786,4393086.3396,0
2023-07-11 16:00:00,2023-07-11 16:00:00,247.4,248.4,247.0,248.3,27343.181,1689094799999,6771107.694,7799,11745.112,2909493.9531,0
2023-07-11 17:00:00,2023-07-11 17:00:00,248.3,248.7,247.4,248.3,20181.919,1689098399999,5006431.7869,7793,10900.276,2704202.204,0
2023-07-11 18:00:00,2023-07-11 18:00:00,248.3,248.4,247.0,247.1,44711.397,1689101999999,11080074.0553,8885,21438.729,5313778.6751,0
2023-07-11 19:00:00,2023-07-11 19:00:00,247.2,247.9,246.9,247.5,20027.123,1689105599999,4953790.5156,7288,8466.492,2095091.4125,0
2023-07-11 20:00:00,2023-07-11 20:00:00,247.5,248.1,247.4,247.6,12096.727,1689109199999,2997473.7494,5348,7844.031,1944080.5779,0
2023-07-11 21:00:00,2023-07-11 21:00:00,247.6,248.0,247.1,248.0,6480.005,1689112799999,1603552.8591,4411,3443.057,852106.7351,0
2023-07-11 22:00:00,2023-07-11 22:00:00,248.0,249.5,247.9,248.8,24334.668,1689116399999,6053494.2587,7485,15438.487,3840494.1243,0
2023-07-11 23:00:00,2023-07-11 23:00:00,248.9,249.0,248.0,248.6,11918.132,1689119999999,2960567.093,4521,6652.636,1652652.1609,0
2023-07-12 00:00:00,2023-07-12 00:00:00,248.6,249.8,248.2,249.4,21429.457,1689123599999,5340424.0318,6862,11597.176,2890037.3523,0
2023-07-12 01:00:00,2023-07-12 01:00:00,249.4,250.2,248.6,249.6,21275.41,1689127199999,5307222.2379,8281,12788.054,3190567.8847,0
2023-07-12 02:00:00,2023-07-12 02:00:00,249.6,250.4,249.2,250.1,15409.093,1689130799999,3851382.9686,6433,8654.384,2163250.7197,0
2023-07-12 03:00:00,2023-07-12 03:00:00,250.1,250.5,249.3,249.6,20139.699,1689134399999,5033784.5022,7219,10531.082,2632068.9717,0
2023-07-12 04:00:00,2023-07-12 04:00:00,249.6,249.9,248.9,249.1,15433.875,1689137999999,3849861.639,6077,7129.752,1778697.6458,0
2023-07-12 05:00:00,2023-07-12 05:00:00,249.1,249.8,248.9,249.6,16175.084,1689141599999,4035583.3691,5700,7415.191,1849555.5165,0
2023-07-12 06:00:00,2023-07-12 06:00:00,249.5,250.1,249.3,249.7,25651.174,1689145199999,6403341.7887,6032,16010.235,3996599.8702,0
2023-07-12 07:00:00,2023-07-12 07:00:00,249.7,250.0,249.3,249.6,15090.756,1689148799999,3767206.0077,6004,8225.798,2053382.4479,0
2023-07-12 08:00:00,2023-07-12 08:00:00,249.6,249.7,247.6,248.1,33158.999,1689152399999,8235865.6427,9615,15543.355,3859257.1799,0
2023-07-12 09:00:00,2023-07-12 09:00:00,248.1,248.7,247.8,248.3,23520.265,1689155999999,5839179.8073,8239,12596.558,3126576.7268,0
2023-07-12 10:00:00,2023-07-12 10:00:00,248.3,248.7,247.4,247.5,27614.276,1689159599999,6845858.0743,8513,13139.526,3257625.4025,0
2023-07-12 11:00:00,2023-07-12 11:00:00,247.6,248.5,247.5,248.1,22199.598,1689163199999,5509527.7037,5829,11952.244,2966198.726,0
2023-07-12 12:00:00,2023-07-12 12:00:00,248.1,249.0,245.6,247.0,85941.279,1689166799999,21244681.8816,22527,43075.489,10648564.1305,0
2023-07-12 13:00:00,2023-07-12 13:00:00,247.0,248.2,245.8,246.9,39334.023,1689170399999,9715033.2956,12068,19713.746,4870594.1506,0
2023-07-12 14:00:00,2023-07-12 14:00:00,246.8,247.7,246.4,247.1,24332.672,1689173999999,6012802.8659,8106,13712.308,3388821.2317,0
2023-07-12 15:00:00,2023-07-12 15:00:00,247.1,247.2,243.6,244.3,58528.21,1689177599999,14343219.8369,16721,25691.505,6294746.3079,0
2023-07-12 16:00:00,2023-07-12 16:00:00,244.3,244.5,243.0,243.5,35452.984,1689181199999,8641522.5297,12039,17280.957,4212200.3146,0
2023-07-12 17:00:00,2023-07-12 17:00:00,243.4,244.2,243.0,243.5,20759.186,1689184799999,5057213.3175,7827,9528.565,2321426.2965,0
2023-07-12 18:00:00,2023-07-12 18:00:00,243.5,244.3,243.2,244.1,20641.211,1689188399999,5033133.942,7369,9276.26,2261906.8506,0
2023-07-12 19:00:00,2023-07-12 19:00:00,244.2,244.2,242.6,243.5,22589.565,1689191999999,5495012.4705,9771,9531.801,2318396.9646,0
2023-07-12 20:00:00,2023-07-12 20:00:00,243.5,243.9,243.2,243.8,10443.532,1689195599999,2544133.7684,4602,5838.333,1422354.8944,0
2023-07-12 21:00:00,2023-07-12 21:00:00,243.9,244.0,243.4,244.0,6457.309,1689199199999,1573434.0393,3351,3374.639,822350.0304,0
2023-07-12 22:00:00,2023-07-12 22:00:00,244.0,244.0,243.6,243.8,7420.658,1689202799999,1809346.0525,2752,4355.989,1062245.6389,0
2023-07-12 23:00:00,2023-07-12 23:00:00,243.8,244.4,243.7,243.9,10392.397,1689206399999,2534782.4698,3535,4307.208,1050849.8505,0
2023-07-13 00:00:00,2023-07-13 00:00:00,243.9,244.5,242.7,243.0,13466.844,1689209999999,3281988.124,4584,5696.143,1388988.6588,0
2023-07-13 01:00:00,2023-07-13 01:00:00,243.0,244.3,242.8,244.2,15346.985,1689213599999,3737859.6746,5241,8252.994,2010046.3121,0
2023-07-13 02:00:00,2023-07-13 02:00:00,244.3,244.5,243.6,243.8,9659.379,1689217199999,2357687.2888,4086,4350.833,1062063.7912,0
2023-07-13 03:00:00,2023-07-13 03:00:00,243.7,244.0,242.7,243.4,11923.069,1689220799999,2900342.9857,5015,6126.079,1490241.7933,0
2023-07-13 04:00:00,2023-07-13 04:00:00,243.4,243.8,242.7,243.2,9817.551,1689224399999,2388049.4169,4588,4706.19,1144875.2973,0
2023-07-13 05:00:00,2023-07-13 05:00:00,243.2,244.0,242.8,244.0,19677.299,1689227999999,4790622.3362,5275,10781.05,2625396.2562,0
2023-07-13 06:00:00,2023-07-13 06:00:00,244.0,244.4,243.6,244.3,17710.771,1689231599999,4323166.2579,6068,9535.028,2327662.0679,0
2023-07-13 07:00:00,2023-07-13 07:00:00,244.3,245.2,244.0,244.3,22966.879,1689235199999,5618325.9449,7157,12294.005,3007702.306,0
2023-07-13 08:00:00,2023-07-13 08:00:00,244.3,246.1,244.2,245.8,29528.648,1689238799999,7240412.2054,8550,16292.974,3994452.8958,0
2023-07-13 09:00:00,2023-07-13 09:00:00,245.8,246.7,245.8,246.4,24001.463,1689242399999,5911288.5002,9051,13035.947,3210787.5946,0
2023-07-13 10:00:00,2023-07-13 10:00:00,246.4,246.8,246.1,246.6,28089.443,1689245999999,6920906.3627,7316,15181.401,3740817.5893,0
2023-07-13 11:00:00,2023-07-13 11:00:00,246.6,246.8,245.9,246.0,12600.316,1689249599999,3104165.6551,6296,5658.217,1394132.1782,0
2023-07-13 12:00:00,2023-07-13 12:00:00,246.0,246.4,245.1,246.0,16993.208,1689253199999,4176524.7489,7988,8328.083,2046617.8034,0
2023-07-13 13:00:00,2023-07-13 13:00:00,246.0,246.8,245.8,246.6,13163.025,1689256799999,3242359.211,6775,7146.012,1760178.3239,0
2023-07-13 14:00:00,2023-07-13 14:00:00,246.6,246.7,245.7,246.0,14274.128,1689260399999,3514299.8807,6429,5700.029,1403440.5593,0
2023-07-13 15:00:00,2023-07-13 15:00:00,246.0,253.5,245.9,251.0,164559.395,1689263999999,41236374.225,58842,91335.397,22885393.8557,0
2023-07-13 16:00:00,2023-07-13 16:00:00,251.0,253.2,250.3,253.0,134809.603,1689267599999,33954883.3408,33046,69218.549,17435799.7024,0
2023-07-13 17:00:00,2023-07-13 17:00:00,253.0,255.8,252.0,255.0,112249.592,1689271199999,28482728.416,32246,56934.788,14447324.8164,0
2023-07-13 18:00:00,2023-07-13 18:00:00,255.0,257.8,252.5,253.2,161915.023,1689274799999,41333470.0233,49487,77899.208,19894452.1274,0
2023-07-13 19:00:00,2023-07-13 19:00:00,253.1,254.8,252.5,254.0,72148.546,1689278399999,18301064.7085,25378,38113.454,9668782.8936,0
2023-07-13 20:00:00,2023-07-13 20:00:00,254.0,254.5,251.9,252.5,37630.766,1689281999999,9548242.5077,15227,16342.039,4146966.7587,0
2023-07-13 21:00:00,2023-07-13 21:00:00,252.6,253.1,251.0,253.1,48859.77,1689285599999,12308796.176,16222,23461.261,5912285.8967,0
2023-07-13 22:00:00,2023-07-13 22:00:00,253.1,254.6,253.0,254.4,20565.484,1689289199999,5224256.6942,9048,9562.843,2429315.4877,0
2023-07-13 23:00:00,2023-07-13 23:00:00,254.4,256.6,254.1,256.1,25874.204,1689292799999,6606025.5879,10124,14610.071,3729797.8492,0
2023-07-14 00:00:00,2023-07-14 00:00:00,256.2,259.0,255.5,258.3,73383.779,1689296399999,18877505.6856,24491,37796.935,9722889.7772,0
2023-07-14 01:00:00,2023-07-14 01:00:00,258.3,258.4,255.6,257.5,48687.115,1689299999999,12499217.069,16207,23320.574,5987640.7202,0
2023-07-14 02:00:00,2023-07-14 02:00:00,257.4,260.4,256.9,258.9,63122.681,1689303599999,16344407.8294,19954,36756.729,9518845.0867,0
2023-07-14 03:00:00,2023-07-14 03:00:00,258.9,260.5,258.4,260.3,40977.856,1689307199999,10634315.0524,13533,20937.668,5432944.8558,0
2023-07-14 04:00:00,2023-07-14 04:00:00,260.3,261.7,259.6,260.0,42820.39,1689310799999,11161758.3598,16098,18717.556,4877861.5312,0
2023-07-14 05:00:00,2023-07-14 05:00:00,260.0,260.1,258.4,259.5,27689.289,1689314399999,7178918.137,11537,12961.17,3360223.0327,0
2023-07-14 06:00:00,2023-07-14 06:00:00,259.5,259.9,258.3,258.7,23460.072,1689317999999,6077483.411,10406,11024.625,2856223.3459,0
2023-07-14 07:00:00,2023-07-14 07:00:00,258.8,260.0,255.3,255.6,72150.058,1689321599999,18600040.2686,21097,33668.344,8681485.9803,0
2023-07-14 08:00:00,2023-07-14 08:00:00,255.5,258.0,255.5,257.5,32468.769,1689325199999,8349511.5272,12575,16177.035,4159333.0978,0
2023-07-14 09:00:00,2023-07-14 09:00:00,257.5,257.6,254.3,256.0,44341.024,1689328799999,11348683.71,15703,19865.246,5085041.9467,0
2023-07-14 10:00:00,2023-07-14 10:00:00,256.0,256.2,253.4,254.5,47749.591,1689332399999,12148175.5783,15848,21196.801,5392785.3869,0
2023-07-14 11:00:00,2023-07-14 11:00:00,254.5,255.8,254.3,255.2,22526.369,1689335999999,5748105.8601,8726,9850.032,2513163.0118,0
2023-07-14 12:00:00,2023-07-14 12:00:00,255.3,255.5,252.9,253.7,39457.765,1689339599999,10028603.7756,12479,19987.615,5079879.1697,0
2023-07-14 13:00:00,2023-07-14 13:00:00,253.7,254.9,252.6,254.8,39780.612,1689343199999,10098204.3287,14035,20659.89,5245539.9409,0
2023-07-14 14:00:00,2023-07-14 14:00:00,254.8,255.0,253.6,254.7,30100.392,1689346799999,7657411.2623,12308,13258.543,3373415.657,0
2023-07-14 15:00:00,2023-07-14 15:00:00,254.7,257.1,254.1,256.6,42477.987,1689350399999,10871937.6685,15167,20510.907,5251332.2302,0
2023-07-14 16:00:00,2023-07-14 16:00:00,256.5,257.5,254.2,255.3,55678.991,1689353999999,14249219.4017,25846,26285.879,6728840.354,0
2023-07-14 17:00:00,2023-07-14 17:00:00,255.2,255.3,249.9,250.1,88807.433,1689357599999,22383792.6909,38737,33566.214,8464834.4192,0
2023-07-14 18:00:00,2023-07-14 18:00:00,250.2,250.9,243.5,245.1,128949.404,1689361199999,31823247.5677,55964,54321.448,13403755.9489,0
2023-07-14 19:00:00,2023-07-14 19:00:00,245.1,247.5,243.4,244.9,46122.515,1689364799999,11305471.491,20689,21491.765,5271077.0751,0
2023-07-14 20:00:00,2023-07-14 20:00:00,244.8,246.1,243.9,245.8,23238.56,1689368399999,5690868.6707,11382,10725.367,2626731.3849,0
2023-07-14 21:00:00,2023-07-14 21:00:00,245.7,246.9,245.7,246.1,14076.542,1689371999999,3467855.2981,8114,7409.279,1825118.3116,0
2023-07-14 22:00:00,2023-07-14 22:00:00,246.1,246.6,245.8,246.3,8367.097,1689375599999,2060098.2894,4317,5484.617,1350389.3132,0
2023-07-14 23:00:00,2023-07-14 23:00:00,246.2,248.3,246.1,248.1,14684.405,1689379199999,3633696.548,7177,9123.423,2257605.8795,0
2023-07-15 00:00:00,2023-07-15 00:00:00,248.1,248.7,246.9,248.6,28239.418,1689382799999,7002503.2186,10660,14277.811,3540039.7344,0
2023-07-15 01:00:00,2023-07-15 01:00:00,248.6,249.4,248.0,248.9,17327.03,1689386399999,4311678.8473,7628,7876.325,1960027.4472,0
2023-07-15 02:00:00,2023-07-15 02:00:00,248.9,249.1,248.0,248.7,13234.201,1689389999999,3289709.3789,5471,7841.083,1949270.0116,0
2023-07-15 03:00:00,2023-07-15 03:00:00,248.6,249.1,247.9,248.5,14169.727,1689393599999,3522914.0434,7364,7765.146,1930804.6947,0
2023-07-15 04:00:00,2023-07-15 04:00:00,248.4,249.3,248.1,249.1,11921.644,1689397199999,2966807.1168,6006,5548.616,1380834.1255,0
2023-07-15 05:00:00,2023-07-15 05:00:00,249.1,249.3,248.1,248.3,23024.942,1689400799999,5723988.2595,7261,13580.336,3376152.1716,0
2023-07-15 06:00:00,2023-07-15 06:00:00,248.2,249.0,247.9,249.0,17600.765,1689404399999,4371234.532,7536,10701.545,2657707.5088,0
2023-07-15 07:00:00,2023-07-15 07:00:00,248.9,250.4,248.8,250.1,27196.93,1689407999999,6789768.1427,10420,15327.043,3826952.3254,0
2023-07-15 08:00:00,2023-07-15 08:00:00,250.1,251.6,249.5,250.8,25656.969,1689411599999,6428142.8905,11701,13896.374,3481929.2312,0
2023-07-15 09:00:00,2023-07-15 09:00:00,250.7,252.5,250.7,251.9,22208.719,1689415199999,5595349.5131,10033,11473.417,2890551.1282,0
2023-07-15 10:00:00,2023-07-15 10:00:00,251.8,252.5,251.5,251.6,10375.374,1689418799999,2615963.2999,6864,5483.921,1382757.1436,0
2023-07-15 11:00:00,2023-07-15 11:00:00,251.6,252.0,250.4,250.9,14030.649,1689422399999,3522184.1926,7212,6207.396,1558455.0527,0
2023-07-15 12:00:00,2023-07-15 12:00:00,250.8,251.4,250.7,250.8,8407.402,1689425999999,2110495.3264,5617,4212.534,1057641.3708,0
2023-07-15 13:00:00,2023-07-15 13:00:00,250.8,250.8,249.1,250.5,15692.566,1689429599999,3924160.6741,8538,7934.693,1984060.1623,0
2023-07-15 14:00:00,2023-07-15 14:00:00,250.4,251.4,249.7,250.0,24581.804,1689433199999,6159382.4473,9239,13420.915,3362823.9593,0
2023-07-15 15:00:00,2023-07-15 15:00:00,250.0,250.7,249.5,250.4,16867.676,1689436799999,4218085.3758,7293,8160.949,2041025.3898,0
2023-07-15 16:00:00,2023-07-15 16:00:00,250.4,250.8,249.5,250.5,17571.688,1689440399999,4398814.5403,8385,9028.387,2260215.6504,0
2023-07-15 17:00:00,2023-07-15 17:00:00,250.5,250.9,250.0,250.5,13208.004,1689443999999,3307126.0638,6125,6326.165,1584150.861,0
2023-07-15 18:00:00,2023-07-15 18:00:00,250.5,251.8,250.4,251.0,14508.045,1689447599999,3644195.2356,6339,8868.371,2228122.0024,0
2023-07-15 19:00:00,2023-07-15 19:00:00,251.0,252.1,250.9,252.0,8252.754,1689451199999,2077797.896,5032,4522.023,1138479.4322,0
2023-07-15 20:00:00,2023-07-15 20:00:00,252.1,252.1,250.9,251.3,7617.266,1689454799999,1914805.6397,4451,2881.022,724229.9189,0
2023-07-15 21:00:00,2023-07-15 21:00:00,251.4,251.4,250.0,250.6,11073.512,1689458399999,2774469.8352,5285,5360.326,1343236.2097,0
2023-07-15 22:00:00,2023-07-15 22:00:00,250.6,251.5,250.0,251.5,9102.437,1689461999999,2283699.4386,4147,4719.163,1183893.1959,0
2023-07-15 23:00:00,2023-07-15 23:00:00,251.5,251.8,250.7,251.1,11903.151,1689465599999,2991605.1813,4554,5583.716,1403403.1367,0
2023-07-16 00:00:00,2023-07-16 00:00:00,251.1,252.1,250.8,250.9,10715.284,1689469199999,2694468.5256,5297,5611.406,1411030.7171,0
2023-07-16 01:00:00,2023-07-16 01:00:00,251.0,251.8,250.5,250.6,10093.135,1689472799999,2534908.0727,4966,4415.002,1108762.3573,0
2023-07-16 02:00:00,2023-07-16 02:00:00,250.6,250.9,248.3,249.6,32978.336,1689476399999,8222742.1044,13265,17122.362,4268959.2029,0
2023-07-16 03:00:00,2023-07-16 03:00:00,249.6,249.6,248.0,248.3,14428.678,1689479999999,3590046.9619,6279,7233.777,1799847.3806,0
2023-07-16 04:00:00,2023-07-16 04:00:00,248.3,248.8,247.7,248.5,13652.608,1689483599999,3387159.1912,5843,7474.742,1854365.8476,0
2023-07-16 05:00:00,2023-07-16 05:00:00,248.5,249.0,248.0,248.8,9684.264,1689487199999,2406789.7215,4947,5177.552,1286778.6905,0
2023-07-16 06:00:00,2023-07-16 06:00:00,248.7,249.1,247.9,248.5,12874.372,1689490799999,3199538.1084,5605,5691.28,1414460.603,0
2023-07-16 07:00:00,2023-07-16 07:00:00,248.6,249.3,248.4,248.6,12695.4,1689494399999,3159202.7788,6430,5621.01,1399050.2755,0
2023-07-16 08:00:00,2023-07-16 08:00:00,248.6,249.3,248.5,249.1,11381.679,1689497999999,2833295.0492,5637,6077.636,1512904.8107,0
2023-07-16 09:00:00,2023-07-16 09:00:00,249.2,250.0,249.1,249.8,15505.424,1689501599999,3869117.9243,6237,6708.7,1674279.0862,0
2023-07-16 10:00:00,2023-07-16 10:00:00,249.9,250.5,249.4,249.5,18056.435,1689505199999,4513198.6793,9481,7987.832,1997089.4934,0
2023-07-16 11:00:00,2023-07-16 11:00:00,249.6,250.5,249.4,250.2,9197.673,1689508799999,2298777.8069,6127,5117.809,1279250.7188,0
2023-07-16 12:00:00,2023-07-16 12:00:00,250.2,250.5,247.8,248.8,21450.383,1689512399999,5346200.0248,8680,10664.339,2656937.1525,0
2023-07-16 13:00:00,2023-07-16 13:00:00,248.7,249.1,248.2,248.3,12409.816,1689515999999,3084133.2495,6015,6932.042,1722878.5814,0
2023-07-16 14:00:00,2023-07-16 14:00:00,248.2,249.5,248.2,249.3,20662.481,1689519599999,5142305.5719,9216,11014.254,2740744.4857,0
2023-07-16 15:00:00,2023-07-16 15:00:00,249.3,249.4,248.5,248.7,18640.536,1689523199999,4640564.0928,7676,9585.35,2386121.2308,0
2023-07-16 16:00:00,2023-07-16 16:00:00,248.7,249.1,247.2,247.4,27410.381,1689526799999,6799791.4482,10463,11280.591,2799488.9005,0
2023-07-16 17:00:00,2023-07-16 17:00:00,247.4,248.0,246.4,246.6,17849.799,1689530399999,4409624.8317,8460,8257.611,2040299.8577,0
2023-07-16 18:00:00,2023-07-16 18:00:00,246.7,247.0,245.1,245.3,28555.238,1689533999999,7026547.4421,11238,9558.711,2352365.6759,0
2023-07-16 19:00:00,2023-07-16 19:00:00,245.4,245.7,244.1,244.4,23985.366,1689537599999,5871653.114,10898,10833.622,2652220.234,0
2023-07-16 20:00:00,2023-07-16 20:00:00,244.4,245.0,243.8,244.1,22326.085,1689541199999,5452731.0251,8990,10789.452,2635046.2453,0
2023-07-16 21:00:00,2023-07-16 21:00:00,244.2,244.9,244.1,244.6,9340.867,1689544799999,2284266.3176,6083,5149.042,1259183.2152,0
2023-07-16 22:00:00,2023-07-16 22:00:00,244.6,245.2,244.2,244.6,8246.965,1689548399999,2019245.9492,5274,3826.939,937028.356,0
2023-07-16 23:00:00,2023-07-16 23:00:00,244.6,245.1,242.0,242.3,50875.404,1689551999999,12373051.2296,19029,20721.269,5039777.4762,0
2023-07-17 00:00:00,2023-07-17 00:00:00,242.3,242.4,240.7,241.6,59306.493,1689555599999,14326535.0448,21174,26520.669,6407245.8457,0
2023-07-17 01:00:00,2023-07-17 01:00:00,241.6,243.9,241.4,243.5,31416.19,1689559199999,7636240.1829,11076,15613.782,3794290.0673,0
2023-07-17 02:00:00,2023-07-17 02:00:00,243.5,243.7,242.3,242.5,24483.208,1689562799999,5952726.6642,11671,13482.51,3278684.2165,0
2023-07-17 03:00:00,2023-07-17 03:00:00,242.5,244.1,241.4,243.8,33693.732,1689566399999,8195655.9905,16050,17832.111,4337000.7544,0
2023-07-17 04:00:00,2023-07-17 04:00:00,243.9,243.9,242.4,243.0,28168.916,1689569999999,6847841.2435,14000,16057.347,3903163.328,0
2023-07-17 05:00:00,2023-07-17 05:00:00,243.0,243.6,241.9,242.0,36941.622,1689573599999,8972520.9846,18266,23985.735,5827263.6533,0
2023-07-17 06:00:00,2023-07-17 06:00:00,242.1,243.3,241.5,242.3,63084.219,1689577199999,15292920.0346,20109,31166.801,7556237.0703,0
2023-07-17 07:00:00,2023-07-17 07:00:00,242.3,243.1,241.7,242.7,58248.961,1689580799999,14120899.2652,17493,32945.723,7988931.1755,0
2023-07-17 08:00:00,2023-07-17 08:00:00,242.7,243.8,241.6,243.4,37002.364,1689584399999,8986543.5151,13152,21894.734,5316722.6532,0
2023-07-17 09:00:00,2023-07-17 09:00:00,243.5,244.1,241.8,242.2,34308.029,1689587999999,8334830.0623,14182,16348.962,3972521.8688,0
2023-07-17 10:00:00,2023-07-17 10:00:00,242.1,242.9,239.8,241.8,65169.413,1689591599999,15711593.6823,23359,30202.808,7283947.6292,0
2023-07-17 11:00:00,2023-07-17 11:00:00,241.8,244.0,241.4,243.0,35382.723,1689595199999,8599653.4515,12489,14798.066,3596780.2593,0
2023-07-17 12:00:00,2023-07-17 12:00:00,243.0,243.7,242.3,242.9,41802.717,1689598799999,10155747.4471,13560,23136.654,5621776.059,0
2023-07-17 13:00:00,2023-07-17 13:00:00,242.9,244.9,242.4,244.1,24938.902,1689602399999,6077210.4297,11528,13856.123,3376805.0253,0
2023-07-17 14:00:00,2023-07-17 14:00:00,244.2,244.3,243.1,244.0,20984.091,1689605999999,5114280.3311,8727,10197.706,2485617.7145,0
2023-07-17 15:00:00,2023-07-17 15:00:00,244.1,244.2,243.1,243.7,35056.433,1689609599999,8546230.2915,11061,16759.598,4085502.2576,0
2023-07-17 16:00:00,2023-07-17 16:00:00,243.8,244.4,242.5,243.0,24659.723,1689613199999,6002098.4637,12170,11858.085,2886943.2487,0
2023-07-17 17:00:00,2023-07-17 17:00:00,243.0,243.5,240.8,242.0,34601.655,1689616799999,8369952.5896,16023,15591.949,3772236.0892,0
2023-07-17 18:00:00,2023-07-17 18:00:00,242.1,242.4,240.3,241.4,25941.731,1689620399999,6263594.1281,11398,12494.709,3017175.9296,0
2023-07-17 19:00:00,2023-07-17 19:00:00,241.4,242.7,240.8,242.6,18861.693,1689623999999,4563662.4994,8525,10574.191,2558944.8155,0
2023-07-17 20:00:00,2023-07-17 20:00:00,242.6,243.2,242.1,242.3,11120.725,1689627599999,2698660.0994,5571,5405.147,1311645.0328,0
2023-07-17 21:00:00,2023-07-17 21:00:00,242.2,244.4,242.1,244.3,14598.126,1689631199999,3552466.4015,7229,9186.806,2235936.9516,0
2023-07-17 22:00:00,2023-07-17 22:00:00,244.4,244.8,243.6,243.7,17534.898,1689634799999,4281400.3459,6145,10735.747,2621854.8506,0
2023-07-17 23:00:00,2023-07-17 23:00:00,243.8,244.6,243.5,244.1,15438.594,1689638399999,3766500.437,5255,8508.614,2075832.0044,0
2023-07-18 00:00:00,2023-07-18 00:00:00,244.1,246.5,243.9,245.9,29361.568,1689641999999,7206361.1335,11805,16026.553,3933274.4894,0
2023-07-18 01:00:00,2023-07-18 01:00:00,246.0,246.5,245.6,246.4,24305.074,1689645599999,5982893.4832,7189,12631.028,3109764.0999,0
2023-07-18 02:00:00,2023-07-18 02:00:00,246.4,246.7,245.3,245.6,13563.736,1689649199999,3337716.505,6462,7757.27,1909040.7548,0
2023-07-18 03:00:00,2023-07-18 03:00:00,245.6,246.1,244.1,244.5,17519.553,1689652799999,4295680.458,7437,7984.963,1958176.8944,0
2023-07-18 04:00:00,2023-07-18 04:00:00,244.5,245.3,244.0,244.2,18318.464,1689656399999,4479336.4564,7765,10116.63,2474142.9342,0
2023-07-18 05:00:00,2023-07-18 05:00:00,244.3,244.5,243.1,243.6,42675.669,1689659999999,10407386.0924,10730,15272.751,3725672.6488,0
2023-07-18 06:00:00,2023-07-18 06:00:00,243.7,243.8,241.0,242.2,42632.035,1689663599999,10325718.2603,17063,19813.731,4800087.7863,0
2023-07-18 07:00:00,2023-07-18 07:00:00,242.2,244.0,240.4,241.1,137302.653,1689667199999,33162358.6277,35435,65973.532,15934337.6484,0
2023-07-18 08:00:00,2023-07-18 08:00:00,241.0,242.5,240.1,241.8,82325.95,1689670799999,19874766.0727,21223,38308.756,9249105.8517,0
2023-07-18 09:00:00,2023-07-18 09:00:00,241.7,242.5,240.5,241.0,46188.311,1689674399999,11168481.6555,13325,19590.083,4735886.5326,0
2023-07-18 10:00:00,2023-07-18 10:00:00,241.0,242.2,240.8,241.8,47158.182,1689677999999,11382406.9388,13066,25886.459,6248922.3253,0
2023-07-18 11:00:00,2023-07-18 11:00:00,241.9,242.0,239.3,239.5,46985.055,1689681599999,11316177.889,15234,18104.744,4360912.4772,0
2023-07-18 12:00:00,2023-07-18 12:00:00,239.6,240.4,238.9,239.9,86157.103,1689685199999,20638830.1082,29173,41966.28,10054192.9654,0
2023-07-18 13:00:00,2023-07-18 13:00:00,239.9,240.0,238.4,239.3,44445.992,1689688799999,10627891.7569,13619,22335.447,5340593.1167,0
2023-07-18 14:00:00,2023-07-18 14:00:00,239.4,241.3,239.3,240.5,44011.742,1689692399999,10576590.0541,12516,27947.672,6716941.937,0
2023-07-18 15:00:00,2023-07-18 15:00:00,240.5,240.5,239.6,240.1,27510.921,1689695999999,6603039.7234,8515,13715.518,3292441.1085,0
2023-07-18 16:00:00,2023-07-18 16:00:00,240.1,240.8,237.5,238.8,57466.911,1689699599999,13754925.2165,15870,25313.423,6061811.1465,0
2023-07-18 17:00:00,2023-07-18 17:00:00,238.8,239.5,238.3,239.4,20391.595,1689703199999,4872842.4968,7749,10985.264,2625111.8513,0
2023-07-18 18:00:00,2023-07-18 18:00:00,239.5,240.7,239.1,240.7,22702.312,1689706799999,5448186.2644,6963,12511.144,3002246.9951,0
2023-07-18 19:00:00,2023-07-18 19:00:00,240.6,241.2,239.6,240.1,22632.653,1689710399999,5436755.5166,7187,11865.711,2850264.5389,0
2023-07-18 20:00:00,2023-07-18 20:00:00,240.2,240.4,239.2,239.8,12224.8,1689713999999,2932669.114,4478,5994.475,1438193.667,0
2023-07-18 21:00:00,2023-07-18 21:00:00,239.8,240.4,239.2,240.2,15442.606,1689717599999,3704437.321,4207,7851.291,1883105.7125,0
2023-07-18 22:00:00,2023-07-18 22:00:00,240.2,240.6,239.8,240.6,9318.234,1689721199999,2239420.904,3155,4899.078,1177523.1616,0
2023-07-18 23:00:00,2023-07-18 23:00:00,240.6,240.7,239.4,240.2,21863.652,1689724799999,5248787.8588,5722,9236.815,2217604.8715,0
2023-07-19 00:00:00,2023-07-19 00:00:00,240.3,242.4,239.6,242.2,26587.475,1689728399999,6413169.0719,8580,13967.111,3368966.2971,0
2023-07-19 01:00:00,2023-07-19 01:00:00,242.3,242.7,241.4,242.5,24416.056,1689731999999,5909387.0987,7886,13699.789,3315802.1375,0
2023-07-19 02:00:00,2023-07-19 02:00:00,242.4,242.6,241.6,242.3,13113.195,1689735599999,3174507.1346,5569,5958.966,1442591.5648,0
2023-07-19 03:00:00,2023-07-19 03:00:00,242.3,243.6,242.2,243.5,31064.496,1689739199999,7549567.6005,9522,17330.508,4211950.5502,0
2023-07-19 04:00:00,2023-07-19 04:00:00,243.5,243.6,242.5,243.1,19633.168,1689742799999,4770289.8964,6797,10288.099,2499666.5126,0
2023-07-19 05:00:00,2023-07-19 05:00:00,243.1,244.1,242.9,243.5,26475.854,1689746399999,6447647.0066,8361,12499.544,3044072.5144,0
2023-07-19 06:00:00,2023-07-19 06:00:00,243.5,243.9,242.3,242.7,25655.242,1689749999999,6236547.6612,7833,10269.202,2496920.7087,0
2023-07-19 07:00:00,2023-07-19 07:00:00,242.8,243.1,242.0,242.5,17616.643,1689753599999,4274658.0842,6232,8557.955,2076945.895,0
2023-07-19 08:00:00,2023-07-19 08:00:00,242.5,242.6,240.6,241.1,27250.629,1689757199999,6580633.8098,9787,13676.649,3302458.0389,0
2023-07-19 09:00:00,2023-07-19 09:00:00,241.2,242.3,240.8,241.9,24292.838,1689760799999,5865643.6515,6662,13566.163,3275964.3918,0
2023-07-19 10:00:00,2023-07-19 10:00:00,242.0,242.4,241.4,241.9,15885.266,1689764399999,3841781.0904,5611,8075.71,1953181.331,0
2023-07-19 11:00:00,2023-07-19 11:00:00,241.8,242.2,241.3,242.1,8625.843,1689767999999,2084887.8233,4358,4647.58,1123476.7865,0
2023-07-19 12:00:00,2023-07-19 12:00:00,242.2,242.3,241.0,241.6,11219.682,1689771599999,2711040.6458,5159,5145.276,1243029.2314,0
2023-07-19 13:00:00,2023-07-19 13:00:00,241.6,243.0,241.0,242.1,17465.675,1689775199999,4225461.8192,7749,8743.637,2115103.6881,0
2023-07-19 14:00:00,2023-07-19 14:00:00,242.2,242.3,239.9,240.3,43641.812,1689778799999,10506966.6833,13686,21396.377,5150749.9189,0
2023-07-19 15:00:00,2023-07-19 15:00:00,240.4,241.3,240.0,241.0,13494.607,1689782399999,3250199.2932,8142,6868.401,1654227.3542,0
2023-07-19 16:00:00,2023-07-19 16:00:00,241.0,241.2,240.2,240.4,8432.044,1689785999999,2029377.818,6734,3824.119,920406.3891,0
2023-07-19 17:00:00,2023-07-19 17:00:00,240.4,242.6,240.0,242.0,23472.229,1689789599999,5673385.75,9627,12807.309,3096176.846,0
2023-07-19 18:00:00,2023-07-19 18:00:00,242.0,242.6,241.5,242.4,13753.516,1689793199999,3328682.1584,6520,6835.402,1654409.4394,0
2023-07-19 19:00:00,2023-07-19 19:00:00,242.5,242.8,241.6,241.7,10791.594,1689796799999,2614748.2309,5213,5145.486,1246698.1205,0
2023-07-19 20:00:00,2023-07-19 20:00:00,241.8,242.2,241.2,241.5,11214.777,1689800399999,2710505.6289,4785,5708.989,1379890.9052,0
2023-07-19 21:00:00,2023-07-19 21:00:00,241.4,241.8,240.2,241.8,13204.01,1689803999999,3181251.1987,5785,6644.234,1601101.455,0
2023-07-19 22:00:00,2023-07-19 22:00:00,241.8,241.9,240.7,241.1,8542.903,1689807599999,2059711.959,3974,4225.999,1018827.8501,0
2023-07-19 23:00:00,2023-07-19 23:00:00,241.2,241.6,240.7,240.8,8826.953,1689811199999,2128661.0678,3959,3994.314,963331.5398,0
2023-07-20 00:00:00,2023-07-20 00:00:00,240.9,242.5,240.6,242.0,14912.091,1689814799999,3602655.9569,5959,8089.572,1954360.64,0
2023-07-20 01:00:00,2023-07-20 01:00:00,242.1,242.5,241.9,242.3,7114.797,1689818399999,1723468.4951,3368,3543.848,858428.3992,0
2023-07-20 02:00:00,2023-07-20 02:00:00,242.3,242.9,241.5,241.7,11867.66,1689821999999,2876111.9858,5075,5946.356,1441149.463,0
2023-07-20 03:00:00,2023-07-20 03:00:00,241.8,241.9,241.1,241.4,11213.468,1689825599999,2708097.3851,4081,4081.693,985841.1188,0
2023-07-20 04:00:00,2023-07-20 04:00:00,241.4,241.9,241.1,241.4,6594.965,1689829199999,1592793.0645,3593,3062.127,739557.4792,0
2023-07-20 05:00:00,2023-07-20 05:00:00,241.4,243.4,241.3,242.7,28579.959,1689832799999,6928794.121,8563,16118.946,3907654.848,0
2023-07-20 06:00:00,2023-07-20 06:00:00,242.7,243.1,242.1,243.1,14324.112,1689836399999,3476265.7296,6193,7301.96,1772223.0018,0
2023-07-20 07:00:00,2023-07-20 07:00:00,243.0,244.0,243.0,243.9,30084.529,1689839999999,7327392.1691,9103,15887.078,3869963.8561,0
2023-07-20 08:00:00,2023-07-20 08:00:00,243.8,244.7,243.5,244.5,28567.467,1689843599999,6976138.057,10895,17334.171,4233468.5903,0
2023-07-20 09:00:00,2023-07-20 09:00:00,244.5,244.7,243.7,244.2,30365.675,1689847199999,7417133.129,11292,16347.628,3993520.7001,0
2023-07-20 10:00:00,2023-07-20 10:00:00,244.3,245.0,243.8,243.9,25912.746,1689850799999,6337004.1672,9761,14626.035,3577026.6187,0
2023-07-20 11:00:00,2023-07-20 11:00:00,244.0,244.5,243.6,244.0,12853.356,1689854399999,3137268.2,5794,6610.321,1613616.5838,0
2023-07-20 12:00:00,2023-07-20 12:00:00,244.0,244.2,243.4,243.9,16816.53,1689857999999,4100112.6669,6555,9367.04,2284111.6845,0
2023-07-20 13:00:00,2023-07-20 13:00:00,243.9,244.6,243.8,244.3,19706.43,1689861599999,4813841.5713,6891,10171.064,2484795.1955,0
2023-07-20 14:00:00,2023-07-20 14:00:00,244.2,244.4,240.8,241.9,55235.007,1689865199999,13391819.1822,20325,25552.057,6197621.1607,0
2023-07-20 15:00:00,2023-07-20 15:00:00,241.9,242.4,241.2,241.7,25028.462,1689868799999,6054391.2913,10003,12345.681,2986542.2636,0
2023-07-20 16:00:00,2023-07-20 16:00:00,241.6,242.3,240.8,241.3,19031.586,1689872399999,4596605.6405,7820,9890.204,2388666.2489,0
2023-07-20 17:00:00,2023-07-20 17:00:00,241.3,242.0,241.1,241.5,20692.071,1689875999999,4998683.9463,5844,10213.835,2467454.7243,0
2023-07-20 18:00:00,2023-07-20 18:00:00,241.6,241.6,240.3,240.7,25448.036,1689879599999,6131531.9915,6934,10652.374,2566362.4206,0
2023-07-20 19:00:00,2023-07-20 19:00:00,240.6,241.6,240.6,241.6,9375.447,1689883199999,2259745.7966,4042,5025.31,1211329.1821,0
2023-07-20 20:00:00,2023-07-20 20:00:00,241.6,241.8,240.6,241.5,9870.549,1689886799999,2380218.1379,4685,4695.655,1132528.0373,0
2023-07-20 21:00:00,2023-07-20 21:00:00,241.4,243.3,241.4,243.0,15257.018,1689890399999,3700777.6057,5844,8764.766,2125923.9862,0
2023-07-20 22:00:00,2023-07-20 22:00:00,243.0,243.1,242.6,242.9,6695.907,1689893999999,1626158.7831,3024,4014.007,974893.4798,0
2023-07-20 23:00:00,2023-07-20 23:00:00,242.9,243.0,242.5,242.8,3839.932,1689897599999,932106.3857,2252,1765.146,428533.7194,0
2023-07-21 00:00:00,2023-07-21 00:00:00,242.8,243.3,242.0,242.9,12392.137,1689901199999,3008348.6035,5210,6127.623,1487777.5028,0
2023-07-21 01:00:00,2023-07-21 01:00:00,243.0,243.9,242.5,243.8,12071.744,1689904799999,2937580.7116,5324,6404.238,1558418.5775,0
2023-07-21 02:00:00,2023-07-21 02:00:00,243.7,244.7,243.6,244.6,15498.803,1689908399999,3786126.4144,5671,7981.655,1949728.1314,0
2023-07-21 03:00:00,2023-07-21 03:00:00,244.6,244.8,243.8,243.9,11485.836,1689911999999,2805893.8616,4152,4517.114,1103720.6104,0
2023-07-21 04:00:00,2023-07-21 04:00:00,244.0,244.3,243.3,243.5,16178.178,1689915599999,3942074.0453,4119,8851.972,2156707.6147,0
2023-07-21 05:00:00,2023-07-21 05:00:00,243.5,243.7,242.8,243.3,9948.73,1689919199999,2418442.232,3895,5464.743,1328416.7148,0
2023-07-21 06:00:00,2023-07-21 06:00:00,243.2,244.0,242.8,243.5,22896.13,1689922799999,5574682.1154,5155,10841.596,2639716.6998,0
2023-07-21 07:00:00,2023-07-21 07:00:00,243.6,243.9,242.9,243.5,16977.846,1689926399999,4132158.4523,5309,8178.249,1990406.6137,0
2023-07-21 08:00:00,2023-07-21 08:00:00,243.4,243.9,243.4,243.7,9730.055,1689929999999,2371219.2529,4333,4539.687,1106429.4096,0
2023-07-21 09:00:00,2023-07-21 09:00:00,243.6,244.4,243.3,243.4,11747.04,1689933599999,2865392.4057,5415,5053.627,1232832.9028,0
2023-07-21 10:00:00,2023-07-21 10:00:00,243.4,244.7,243.3,244.1,13314.393,1689937199999,3250429.4399,6189,5980.267,1459914.8638,0
2023-07-21 11:00:00,2023-07-21 11:00:00,244.1,244.7,243.8,244.5,11338.009,1689940799999,2769205.6432,5672,5570.147,1360548.6984,0
2023-07-21 12:00:00,2023-07-21 12:00:00,244.6,245.4,244.5,244.7,21075.473,1689944399999,5162022.5347,7886,12703.721,3111758.4073,0
2023-07-21 13:00:00,2023-07-21 13:00:00,244.7,245.2,244.2,244.5,13405.501,1689947999999,3281215.932,6246,6766.713,1656181.7498,0
2023-07-21 14:00:00,2023-07-21 14:00:00,244.6,244.8,244.2,244.7,11676.747,1689951599999,2855028.1722,5098,6149.781,1503702.0333,0
2023-07-21 15:00:00,2023-07-21 15:00:00,244.7,244.8,243.9,244.0,9280.079,1689955199999,2267955.5308,4248,3975.014,971271.2641,0
2023-07-21 16:00:00,2023-07-21 16:00:00,244.1,244.4,243.6,243.8,7444.986,1689958799999,1815642.2582,4517,3581.407,873408.9965,0
2023-07-21 17:00:00,2023-07-21 17:00:00,243.8,244.8,243.5,244.8,8132.068,1689962399999,1986122.984,4134,4932.123,1204591.7586,0
2023-07-21 18:00:00,2023-07-21 18:00:00,244.8,244.9,244.2,244.4,10282.473,1689965999999,2516205.5062,4105,5789.422,1417008.3439,0
2023-07-21 19:00:00,2023-07-21 19:00:00,244.3,244.4,242.6,243.6,27512.123,1689969599999,6698215.0674,7310,10297.884,2506970.1026,0
2023-07-21 20:00:00,2023-07-21 20:00:00,243.6,244.0,243.2,243.8,7605.942,1689973199999,1852597.4442,3276,3723.806,907130.9265,0
2023-07-21 21:00:00,2023-07-21 21:00:00,243.8,244.1,243.2,243.5,6409.283,1689976799999,1561519.0578,3475,2645.363,644546.8505,0
2023-07-21 22:00:00,2023-07-21 22:00:00,243.6,243.9,243.2,243.6,3731.213,1689980399999,908768.6584,2186,1705.487,415416.9792,0
2023-07-21 23:00:00,2023-07-21 23:00:00,243.5,243.9,243.3,243.7,5052.998,1689983999999,1231009.9508,2636,2714.502,661297.5211,0
2023-07-22 00:00:00,2023-07-22 00:00:00,243.8,244.8,243.5,244.7,11953.146,1689987599999,2920212.4602,4372,7263.733,1774879.7994,0
2023-07-22 01:00:00,2023-07-22 01:00:00,244.7,244.7,244.0,244.1,5049.683,1689991199999,1233800.0723,2809,2524.87,616931.3791,0
2023-07-22 02:00:00,2023-07-22 02:00:00,244.1,244.8,244.0,244.6,6752.274,1689994799999,1650786.0087,3160,3802.68,929711.4913,0
2023-07-22 03:00:00,2023-07-22 03:00:00,244.6,244.9,244.3,244.5,6029.315,1689998399999,1474773.2555,4014,2719.196,665145.8763,0
2023-07-22 04:00:00,2023-07-22 04:00:00,244.4,244.8,244.2,244.6,4944.884,1690001999999,1209022.3135,2999,2921.631,714361.9529,0
2023-07-22 05:00:00,2023-07-22 05:00:00,244.6,244.6,244.0,244.2,4036.184,1690005599999,986002.2423,2944,2086.507,509719.464,0
2023-07-22 06:00:00,2023-07-22 06:00:00,244.2,244.4,243.5,243.5,9143.424,1690009199999,2229289.2117,3664,4462.691,1088113.9521,0
2023-07-22 07:00:00,2023-07-22 07:00:00,243.5,244.0,243.0,243.7,9434.444,1690012799999,2297837.9252,3692,4252.039,1035740.6834,0
2023-07-22 08:00:00,2023-07-22 08:00:00,243.7,244.1,243.5,243.7,4220.072,1690016399999,1028890.4719,3256,2346.066,572048.4241,0
2023-07-22 09:00:00,2023-07-22 09:00:00,243.7,243.9,242.8,243.2,5935.855,1690019999999,1445111.5791,3791,2512.477,611630.5673,0
2023-07-22 10:00:00,2023-07-22 10:00:00,243.1,243.2,242.0,242.8,17931.251,1690023599999,4348134.0653,7250,9069.564,2199384.8809,0
2023-07-22 11:00:00,2023-07-22 11:00:00,242.9,242.9,242.5,242.7,4488.626,1690027199999,1089480.6368,3037,2170.352,526836.5428,0
2023-07-22 12:00:00,2023-07-22 12:00:00,242.7,242.8,242.3,242.4,3873.921,1690030799999,939639.2406,3123,1804.284,437653.9888,0
2023-07-22 13:00:00,2023-07-22 13:00:00,242.4,242.6,242.0,242.4,4659.449,1690034399999,1129314.0223,3213,2448.96,593657.4972,0
2023-07-22 14:00:00,2023-07-22 14:00:00,242.5,242.9,242.4,242.6,4368.666,1690037999999,1060017.336,2856,2213.111,537024.6408,0
2023-07-22 15:00:00,2023-07-22 15:00:00,242.6,242.9,242.3,242.8,4851.702,1690041599999,1176932.0186,3407,2158.483,523690.0179,0
2023-07-22 16:00:00,2023-07-22 16:00:00,242.8,242.9,242.5,242.6,4128.553,1690045199999,1002113.9027,3397,1935.992,469950.0147,0
2023-07-22 17:00:00,2023-07-22 17:00:00,242.7,242.7,242.2,242.2,3048.991,1690048799999,739181.2116,2857,1266.735,307124.3765,0
2023-07-22 18:00:00,2023-07-22 18:00:00,242.3,242.3,241.5,241.9,11524.978,1690052399999,2786784.5248,4395,6203.425,1499935.3647,0
2023-07-22 19:00:00,2023-07-22 19:00:00,241.9,242.7,241.7,242.5,10937.466,1690055999999,2651098.8624,3408,4542.447,1100743.7075,0
2023-07-22 20:00:00,2023-07-22 20:00:00,242.5,242.5,242.0,242.3,3644.247,1690059599999,882808.9888,2605,1746.028,422995.9124,0
2023-07-22 21:00:00,2023-07-22 21:00:00,242.4,242.5,242.1,242.2,5103.209,1690063199999,1236413.075,2316,3020.53,731900.7881,0
2023-07-22 22:00:00,2023-07-22 22:00:00,242.2,242.3,241.7,241.8,4405.019,1690066799999,1065773.6774,2413,2108.192,510056.0787,0
2023-07-22 23:00:00,2023-07-22 23:00:00,241.9,241.9,240.1,241.1,33967.164,1690070399999,8177132.8056,11080,18473.023,4446493.5752,0
2023-07-23 00:00:00,2023-07-23 00:00:00,241.1,241.2,240.4,241.1,8083.501,1690073999999,1947156.8445,4347,3693.554,889653.5314,0
2023-07-23 01:00:00,2023-07-23 01:00:00,241.2,242.0,241.1,241.7,5686.106,1690077599999,1373992.5349,3593,2854.009,689679.3954,0
2023-07-23 02:00:00,2023-07-23 02:00:00,241.8,242.2,241.6,242.0,5206.826,1690081199999,1259647.9576,3315,2807.951,679280.7605,0
2023-07-23 03:00:00,2023-07-23 03:00:00,242.1,242.1,241.6,241.8,3336.568,1690084799999,806873.7903,2718,1530.467,370167.5088,0
2023-07-23 04:00:00,2023-07-23 04:00:00,241.8,242.3,241.7,242.3,4656.891,1690088399999,1127120.9744,6061,2748.745,665327.9414,0
2023-07-23 05:00:00,2023-07-23 05:00:00,242.3,242.5,241.9,242.0,5611.46,1690091999999,1359286.6488,4502,2503.044,606436.8487,0
2023-07-23 06:00:00,2023-07-23 06:00:00,242.0,242.6,241.9,242.5,6657.911,1690095599999,1612793.0802,3700,2906.442,704146.4774,0
2023-07-23 07:00:00,2023-07-23 07:00:00,242.6,242.8,242.2,242.6,5893.995,1690099199999,1428853.4314,3425,3356.772,813800.3449,0
2023-07-23 08:00:00,2023-07-23 08:00:00,242.6,243.0,242.3,243.0,6496.529,1690102799999,1576013.4748,3706,3360.708,815446.854,0
2023-07-23 09:00:00,2023-07-23 09:00:00,243.0,243.0,242.0,242.2,4951.126,1690106399999,1200137.9326,3131,2061.994,499917.9638,0
2023-07-23 10:00:00,2023-07-23 10:00:00,242.1,242.8,242.1,242.3,5442.557,1690109999999,1319333.7836,3092,2676.805,648902.6527,0
2023-07-23 11:00:00,2023-07-23 11:00:00,242.2,242.4,242.0,242.1,4949.495,1690113599999,1198968.2609,3208,2202.056,533509.0383,0
2023-07-23 12:00:00,2023-07-23 12:00:00,242.1,242.5,242.0,242.5,3370.994,1690117199999,816502.3056,3224,2163.041,523942.4726,0
2023-07-23 13:00:00,2023-07-23 13:00:00,242.4,242.6,242.1,242.3,4229.98,1690120799999,1025166.437,3563,2205.53,534574.5103,0
2023-07-23 14:00:00,2023-07-23 14:00:00,242.3,242.7,242.3,242.5,5043.531,1690124399999,1223036.7234,3535,2279.777,552903.8729,0
2023-07-23 15:00:00,2023-07-23 15:00:00,242.5,242.6,242.0,242.2,10829.377,1690127999999,2624116.8794,3396,4740.735,1148817.2107,0
2023-07-23 16:00:00,2023-07-23 16:00:00,242.1,243.3,242.0,243.0,12655.838,1690131599999,3070452.9156,5169,7138.103,1732019.1712,0
2023-07-23 17:00:00,2023-07-23 17:00:00,243.1,243.7,242.8,243.7,15387.402,1690135199999,3741245.8601,4910,7785.148,1893029.4431,0
2023-07-23 18:00:00,2023-07-23 18:00:00,243.7,244.0,243.3,243.3,10813.997,1690138799999,2634610.5816,4997,6289.203,1532318.4267,0
2023-07-23 19:00:00,2023-07-23 19:00:00,243.4,243.7,241.8,242.6,14630.034,1690142399999,3553703.651,5799,6714.003,1630613.165,0
2023-07-23 20:00:00,2023-07-23 20:00:00,242.6,243.3,242.4,242.9,13811.523,1690145999999,3353212.5364,4305,7753.996,1882971.8676,0
2023-07-23 21:00:00,2023-07-23 21:00:00,243.0,243.0,241.6,241.7,5652.021,1690149599999,1368872.9963,3488,2520.362,610596.2632,0
2023-07-23 22:00:00,2023-07-23 22:00:00,241.8,242.1,241.7,241.9,4009.322,1690153199999,970026.6416,2107,1967.332,476015.2613,0
2023-07-23 23:00:00,2023-07-23 23:00:00,242.0,242.6,241.9,242.5,4524.149,1690156799999,1096414.091,2039,2761.068,669128.4654,0
2023-07-24 00:00:00,2023-07-24 00:00:00,242.4,243.1,242.3,242.7,6806.297,1690160399999,1651555.3266,4024,3155.006,765656.7698,0
2023-07-24 01:00:00,2023-07-24 01:00:00,242.8,242.8,241.7,242.1,13362.29,1690163999999,3237216.2417,4655,5616.736,1360523.912,0
2023-07-24 02:00:00,2023-07-24 02:00:00,242.1,242.1,241.1,241.3,12781.801,1690167599999,3086906.6491,4525,7521.235,1816294.1273,0
2023-07-24 03:00:00,2023-07-24 03:00:00,241.4,241.4,240.6,240.8,10497.983,1690171199999,2529453.1378,4169,4435.938,1068844.1124,0
2023-07-24 04:00:00,2023-07-24 04:00:00,240.8,241.1,239.2,240.8,28839.064,1690174799999,6928911.9756,8730,12858.84,3089647.9792,0
2023-07-24 05:00:00,2023-07-24 05:00:00,240.8,241.4,240.6,241.1,9474.488,1690178399999,2283490.5798,3173,4784.37,1153146.1259,0
2023-07-24 06:00:00,2023-07-24 06:00:00,241.2,241.4,240.8,240.8,12808.762,1690181999999,3088427.5439,4057,6186.924,1491917.8274,0
2023-07-24 07:00:00,2023-07-24 07:00:00,240.8,242.1,240.7,241.9,23636.774,1690185599999,5704662.4191,6894,12324.075,2974876.7202,0
2023-07-24 08:00:00,2023-07-24 08:00:00,241.9,242.0,241.4,241.6,23579.666,1690189199999,5699893.3291,6691,11392.322,2753834.3001,0
2023-07-24 09:00:00,2023-07-24 09:00:00,241.6,241.7,235.0,237.2,58689.059,1690192799999,13979194.862,25611,22135.865,5273230.7247,0
2023-07-24 10:00:00,2023-07-24 10:00:00,237.2,239.2,236.5,238.9,33752.495,1690196399999,8041275.866,13186,17160.308,4086697.8848,0
2023-07-24 11:00:00,2023-07-24 11:00:00,238.9,239.4,238.4,238.6,27190.219,1690199999999,6498132.1919,7000,13941.88,3332246.4553,0
2023-07-24 12:00:00,2023-07-24 12:00:00,238.6,238.9,237.8,238.7,31549.472,1690203599999,7520498.184,8520,16620.251,3961969.3128,0
2023-07-24 13:00:00,2023-07-24 13:00:00,238.8,238.9,237.9,238.3,22236.583,1690207199999,5300290.4041,6240,11396.699,2716718.96,0
2023-07-24 14:00:00,2023-07-24 14:00:00,238.4,238.6,237.2,237.9,15104.546,1690210799999,3593688.1999,5590,7938.643,1888966.6095,0
